{"cameraMode":{"drawMode":0,"name":"Shaded","section":"Shading Mode"},"sceneLighting":false,"audioPlay":false,"sceneViewState":{"m_AlwaysRefresh":false,"showFog":true,"showSkybox":false,"showFlares":true,"showImageEffects":true,"showParticleSystems":true,"showVisualEffectGraphs":true,"m_FxEnabled":true},"in2DMode":false,"pivot":{"x":4.2471394538879398,"y":1.400601863861084,"z":6.559856414794922},"rotation":{"x":-0.029938887804746629,"y":-0.9700588583946228,"z":0.1648310273885727,"w":-0.17623087763786317},"size":0.8660253882408142,"orthographic":false}